kegg.id	kegg.lab	p.geomean	stat.mean	p.val	q.val	set.size	exp1
ko04064	NF-kappa B signaling pathway	1.4649913963885e-08	5.86641771567387	1.46499139638849e-08	5.02492048961253e-06	92	1.4649913963885e-08
ko04621	NOD-like receptor signaling pathway	2.08619181463665e-07	5.19653965201451	2.08619181463665e-07	3.57781896210185e-05	150	2.08619181463665e-07
ko00980	Metabolism of xenobiotics by cytochrome P450	7.02707632014163e-07	5.03401803593467	7.02707632014165e-07	8.03429059269529e-05	77	7.02707632014163e-07
ko01524	Platinum drug resistance	1.09323460598294e-06	4.8776972495441	1.09323460598294e-06	8.85336683045528e-05	115	1.09323460598294e-06
ko04668	TNF signaling pathway	1.31346347925651e-06	4.83338138722954	1.3134634792565e-06	8.85336683045528e-05	123	1.31346347925651e-06
ko04624	Toll and Imd signaling pathway	1.54869390620208e-06	4.87346997352627	1.54869390620209e-06	8.85336683045528e-05	86	1.54869390620208e-06
ko05204	Chemical carcinogenesis - DNA adducts	4.51784047811383e-06	4.58133876478575	4.51784047811383e-06	0.000221374183427577	98	4.51784047811383e-06
ko00982	Drug metabolism - cytochrome P450	5.62860558295218e-06	4.5520591918245	5.62860558295216e-06	0.000241326464369074	74	5.62860558295218e-06
ko05145	Toxoplasmosis	6.6577349159787e-06	4.47625675311123	6.6577349159787e-06	0.000253733675131188	115	6.6577349159787e-06
ko01120	Microbial metabolism in diverse environments	8.61635102200891e-06	4.34205637391815	8.61635102200895e-06	0.000295540840054907	245	8.6163510220089e-06
ko00590	Arachidonic acid metabolism	1.45689748762376e-05	4.28973497455732	1.45689748762377e-05	0.00045428712568632	103	1.45689748762376e-05
ko04622	RIG-I-like receptor signaling pathway	3.54238011029221e-05	4.14961202877178	3.54238011029221e-05	0.00101253031485852	55	3.54238011029221e-05
ko04620	Toll-like receptor signaling pathway	4.47308205981315e-05	4.05126930026132	4.47308205981314e-05	0.00118020549731993	73	4.47308205981315e-05
ko05222	Small cell lung cancer	5.25440650169441e-05	3.94943866007207	5.25440650169442e-05	0.00128732959291513	128	5.25440650169441e-05
ko04210	Apoptosis	7.8284398438814e-05	3.82980610986039	7.82843984388144e-05	0.00179010324430089	168	7.8284398438814e-05
ko05200	Pathways in cancer	0.000149237935147259	3.63061641452542	0.000149237935147259	0.00319928823471937	465	0.000149237935147259
ko05164	Influenza A	0.000180225773578334	3.6209370537837	0.000180225773578334	0.00363632001984521	140	0.000180225773578334
ko00270	Cysteine and methionine metabolism	0.000199554598704384	3.65395465878622	0.000199554598704384	0.00380262374197798	71	0.000199554598704384
ko05161	Hepatitis B	0.000240060589830414	3.54680276003956	0.000240060589830414	0.00433372538483327	115	0.000240060589830414
ko04215	Apoptosis - multiple species	0.000290231998022681	3.53335215932858	0.000290231998022681	0.0047771927546221	75	0.000290231998022681
ko04657	IL-17 signaling pathway	0.000292481189058495	3.5200494223858	0.000292481189058496	0.0047771927546221	73	0.000292481189058495
ko05220	Chronic myeloid leukemia	0.000373935003679354	3.45742327561545	0.000373935003679353	0.00582998664827354	69	0.000373935003679354
ko00260	Glycine, serine and threonine metabolism	0.000500391490622123	3.37644377873134	0.000500391490622124	0.0074623600557995	63	0.000500391490622122
ko00591	Linoleic acid metabolism	0.000535434744703268	3.3729181864085	0.000535434744703268	0.00765225489305087	59	0.000535434744703268
ko00983	Drug metabolism - other enzymes	0.000601977126700117	3.27492389437946	0.000601977126700118	0.00776733871632794	128	0.000601977126700117
ko00410	beta-Alanine metabolism	0.000627802002352332	3.32897098475151	0.000627802002352332	0.00776733871632794	48	0.000627802002352332
ko00830	Retinol metabolism	0.000634518900518812	3.31019212428516	0.000634518900518813	0.00776733871632794	66	0.000634518900518812
ko01200	Carbon metabolism	0.00065761621937874	3.24599729296555	0.000657616219378737	0.00776733871632794	146	0.00065761621937874
ko03030	DNA replication	0.000678019071271969	3.32265169238528	0.000678019071271969	0.00776733871632794	42	0.000678019071271969
ko01110	Biosynthesis of secondary metabolites	0.000679359071398944	3.21344638565638	0.000679359071398945	0.00776733871632794	455	0.000679359071398944
ko04214	Apoptosis - fly	0.000718465669514598	3.22477667275258	0.000718465669514598	0.00794947498850023	130	0.000718465669514599
ko05166	Human T-cell leukemia virus 1 infection	0.000814766701841283	3.17134770235549	0.000814766701841282	0.00850778955420434	223	0.000814766701841283
ko05160	Hepatitis C	0.000821747855315857	3.21044284247341	0.000821747855315859	0.00850778955420434	78	0.000821747855315857
ko05162	Measles	0.000843337740066904	3.18570104847767	0.000843337740066903	0.00850778955420434	107	0.000843337740066904
ko00140	Steroid hormone biosynthesis	0.00101078865576137	3.15468763448061	0.00101078865576137	0.00990572882646146	76	0.00101078865576137
ko05168	Herpes simplex virus 1 infection	0.00126019005596831	3.05088141462155	0.00126019005596831	0.0120068108110314	142	0.00126019005596831
ko00280	Valine, leucine and isoleucine degradation	0.0013500973745364	3.05571084449938	0.0013500973745364	0.0125157675531348	73	0.0013500973745364
ko04217	Necroptosis	0.00153852302061435	2.98428782754514	0.00153852302061436	0.0138871946334401	167	0.00153852302061435
ko04623	Cytosolic DNA-sensing pathway	0.00171629536804202	3.02117998401396	0.00171629536804202	0.0143340565832597	44	0.00171629536804202
ko04141	Protein processing in endoplasmic reticulum	0.00172064407378914	2.94684790676937	0.00172064407378914	0.0143340565832597	174	0.00172064407378914
ko00480	Glutathione metabolism	0.00173531520725283	2.96437312959146	0.00173531520725284	0.0143340565832597	88	0.00173531520725283
ko05140	Leishmaniasis	0.00175519060203179	3.02285347356429	0.00175519060203179	0.0143340565832597	42	0.00175519060203179
ko01130		0.00196590155818977	2.89625766321791	0.00196590155818978	0.0156814938246301	282	0.00196590155818977
ko00040	Pentose and glucuronate interconversions	0.00202792989176363	3.02018524934232	0.00202792989176363	0.015808635292612	26	0.00202792989176363
ko04630	JAK-STAT signaling pathway	0.00237818847796201	2.88556944358532	0.00237818847796201	0.0178606906113156	58	0.00237818847796201
ko04212	Longevity regulating pathway - worm	0.00241976498926971	2.84773334708681	0.00241976498926971	0.0178606906113156	109	0.00241976498926971
ko00430	Taurine and hypotaurine metabolism	0.00244738326160884	3.06549657400275	0.00244738326160884	0.0178606906113156	22	0.00244738326160884
ko04658	Th1 and Th2 cell differentiation	0.00364482373930165	2.76584703312838	0.00364482373930165	0.0254208472502618	40	0.00364482373930165
ko04750	Inflammatory mediator regulation of TRP channels	0.00368342861159981	2.70028801925114	0.00368342861159981	0.0254208472502618	138	0.00368342861159981
ko00010	Glycolysis / Gluconeogenesis	0.00372969314817905	2.7214565447715	0.00372969314817905	0.0254208472502618	65	0.00372969314817905
ko04913	Ovarian steroidogenesis	0.00377977612175904	2.71698047661688	0.00377977612175904	0.0254208472502618	63	0.00377977612175904
ko04010	MAPK signaling pathway	0.003866065560126	2.67584310548317	0.00386606556012601	0.0255011632139081	230	0.003866065560126
ko04920	Adipocytokine signaling pathway	0.00403730557899416	2.69330582431158	0.00403730557899416	0.02609596535078	67	0.00403730557899416
ko04146	Peroxisome	0.00410840270828605	2.6630670200111	0.00410840270828606	0.02609596535078	136	0.00410840270828605
ko00330	Arginine and proline metabolism	0.00671411601566372	2.49932199824864	0.00671411601566372	0.0411073306199923	84	0.00671411601566372
ko03430	Mismatch repair	0.00684004994163722	2.55067866761044	0.00684004994163722	0.0411073306199923	29	0.00684004994163722
ko00650	Butanoate metabolism	0.0069243128349771	2.50938060682221	0.00692431283497709	0.0411073306199923	47	0.0069243128349771
ko04120	Ubiquitin mediated proteolysis	0.0070939117786865	2.46388131708186	0.0070939117786865	0.0411073306199923	196	0.0070939117786865
ko04659	Th17 cell differentiation	0.00713984160245326	2.48230186569262	0.00713984160245327	0.0411073306199923	72	0.00713984160245325
ko00630	Glyoxylate and dicarboxylate metabolism	0.00719078669737474	2.4893881634094	0.00719078669737475	0.0411073306199923	53	0.00719078669737474
ko04917	Prolactin signaling pathway	0.00755035406220032	2.46736977495381	0.00755035406220031	0.042455269562864	63	0.00755035406220032
ko04976	Bile secretion	0.00770379198154198	2.44634971509813	0.00770379198154198	0.0426193653172403	97	0.00770379198154198
ko00970	Aminoacyl-tRNA biosynthesis	0.00787490447477791	2.44896121773701	0.00787490447477792	0.0428744799182353	62	0.00787490447477791
ko04380	Osteoclast differentiation	0.00810978962769457	2.43062493914461	0.00810978962769457	0.0434634037859256	86	0.00810978962769456
ko05169	Epstein-Barr virus infection	0.00839375025038241	2.40322993284246	0.00839375025038242	0.0438576846870982	173	0.00839375025038241
ko04013	MAPK signaling pathway - fly	0.00843908801559325	2.40688608755341	0.00843908801559325	0.0438576846870982	118	0.00843908801559325
ko04964	Proximal tubule bicarbonate reclamation	0.00877625656391629	2.45757073489966	0.0087762565639163	0.0449291940510939	28	0.00877625656391629
ko01523	Antifolate resistance	0.00897023663368567	2.42689486610143	0.00897023663368569	0.0449743796400976	35	0.00897023663368567
ko04722	Neurotrophin signaling pathway	0.00910193494367876	2.37420060125634	0.00910193494367876	0.0449743796400976	154	0.00910193494367876
ko05120	Epithelial cell signaling in Helicobacter pylori infection	0.0091784448245097	2.3776607845589	0.00917844482450971	0.0449743796400976	102	0.0091784448245097
ko00250	Alanine, aspartate and glutamate metabolism	0.00973659889196674	2.372470651245	0.00973659889196675	0.0470373721118957	54	0.00973659889196673
ko00930	Caprolactam degradation	0.01076996834587	2.41037554644044	0.01076996834587	0.0510500048814592	18	0.01076996834587
ko05142	Chagas disease	0.0108648698435759	2.32066342088292	0.0108648698435759	0.0510500048814592	79	0.0108648698435759
ko00240	Pyrimidine metabolism	0.0111806810355086	2.29829551879781	0.0111806810355086	0.0518239675024251	129	0.0111806810355086
ko05131	Shigellosis	0.0116204399150164	2.29042336861439	0.0116204399150164	0.0531441452113419	85	0.0116204399150164
ko00910	Nitrogen metabolism	0.0125359460603226	2.30792717572696	0.0125359460603226	0.0564110863184768	30	0.0125359460603226
ko00220	Arginine biosynthesis	0.0126637132551682	2.33343541705631	0.0126637132551683	0.0564110863184768	19	0.0126637132551682
ko00640	Propanoate metabolism	0.0132631536141621	2.26237230315802	0.0132631536141621	0.0583238678161231	40	0.0132631536141621
ko05167	Kaposi sarcoma-associated herpesvirus infection	0.0143552489115406	2.1980442661069	0.0143552489115407	0.0623272199577019	152	0.0143552489115406
ko04930	Type II diabetes mellitus	0.0154580548587754	2.20101132041309	0.0154580548587754	0.0662764102069996	40	0.0154580548587754
ko00380	Tryptophan metabolism	0.0160751440570455	2.16060015564004	0.0160751440570455	0.0680712890316863	85	0.0160751440570455
ko03440	Homologous recombination	0.0167256071055352	2.16492432315459	0.0167256071055353	0.0699619906975438	42	0.0167256071055352
ko04931	Insulin resistance	0.0169679635921621	2.13271249304149	0.0169679635921621	0.0701206206278506	126	0.0169679635921621
ko00071	Fatty acid degradation	0.0194325589609632	2.09194139000187	0.0194325589609633	0.0793496157572666	55	0.0194325589609632
ko04724	Glutamatergic synapse	0.0212331147820289	2.04447759975764	0.021233114782029	0.0856818631792463	94	0.0212331147820289
ko03420	Nucleotide excision repair	0.0220367714759113	2.03853820840171	0.0220367714759113	0.0878908443748556	54	0.0220367714759113
ko03460	Fanconi anemia pathway	0.0239795909650758	1.99888626865175	0.0239795909650758	0.0945402264485171	59	0.0239795909650758
ko05418	Fluid shear stress and atherosclerosis	0.0242961938827533	1.97821012725635	0.0242961938827533	0.094699937520277	201	0.0242961938827533
ko04726	Serotonergic synapse	0.0248495989215599	1.9726819343602	0.0248495989215599	0.0957686789898321	121	0.0248495989215599
ko04137	Mitophagy - animal	0.0253036985663839	1.97174799081458	0.0253036985663839	0.0964352067585521	72	0.0253036985663839
ko00030	Pentose phosphate pathway	0.0260307891744078	1.97980637838055	0.0260307891744078	0.0981160515035372	33	0.0260307891744078
ko04062	Chemokine signaling pathway	0.02737299555055	1.93234734884823	0.0273729955505501	0.102053668193899	100	0.02737299555055
ko01212	Fatty acid metabolism	0.0280340314770102	1.92533328067529	0.0280340314770102	0.103394331146393	79	0.0280340314770102
ko05014	Amyotrophic lateral sclerosis	0.030005557461753	1.90289231760972	0.0300055574617531	0.109488363929588	59	0.030005557461753
ko04912	GnRH signaling pathway	0.0308605993866291	1.87701023681476	0.0308605993866291	0.111423006206461	122	0.0308605993866291
ko03410	Base excision repair	0.0316355168991223	1.87775818162542	0.0316355168991224	0.113031065587489	52	0.0316355168991223
ko05134	Legionellosis	0.0325674721061818	1.86007289336093	0.0325674721061818	0.11516126734454	71	0.0325674721061818
ko05133	Pertussis	0.0351617259329566	1.82262837690744	0.0351617259329566	0.123066040765348	79	0.0351617259329566
ko05221	Acute myeloid leukemia	0.0361203696056994	1.82155248461369	0.0361203696056995	0.123088812420909	44	0.0361203696056994
ko04926	Relaxin signaling pathway	0.0363094681773128	1.80537675685205	0.0363094681773129	0.123088812420909	95	0.0363094681773128
ko00670	One carbon pool by folate	0.0364522118069111	1.83413747211892	0.0364522118069111	0.123088812420909	26	0.0364522118069111
ko04660	T cell receptor signaling pathway	0.0366036701659847	1.80329797285671	0.0366036701659847	0.123088812420909	82	0.0366036701659847
ko01220	Degradation of aromatic compounds	0.0379866014360704	1.84413153671933	0.0379866014360704	0.126499070801671	15	0.0379866014360704
ko04662	B cell receptor signaling pathway	0.038720717596736	1.78673330003694	0.038720717596736	0.127703905150773	47	0.038720717596736
ko04014	Ras signaling pathway	0.0461117741455913	1.68783119039792	0.0461117741455913	0.150631795542265	201	0.0461117741455913
ko03320	PPAR signaling pathway	0.0477378670260827	1.67805562990501	0.0477378670260827	0.15359823975902	74	0.0477378670260827
ko05132	Salmonella infection	0.0479154858723472	1.67639312322432	0.0479154858723473	0.15359823975902	76	0.0479154858723472
ko00710	Carbon fixation in photosynthetic organisms	0.0487689996731001	1.7066294289073	0.0487689996731002	0.154399362387734	20	0.0487689996731001
ko05231	Choline metabolism in cancer	0.049065686589688	1.66022281971041	0.049065686589688	0.154399362387734	135	0.049065686589688
ko00790	Folate biosynthesis	0.0530709821721015	1.63112192638538	0.0530709821721016	0.165484971682099	49	0.0530709821721015
ko05146	Amoebiasis	0.0548207745754081	1.61292179444448	0.0548207745754082	0.168776282368903	56	0.0548207745754081
ko00120	Primary bile acid biosynthesis	0.0554446568128407	1.63001012638669	0.0554446568128408	0.168776282368903	23	0.0554446568128407
ko04915	Estrogen signaling pathway	0.0556026819466067	1.59885210945119	0.0556026819466067	0.168776282368903	118	0.0556026819466067
ko00760	Nicotinate and nicotinamide metabolism	0.059646559354246	1.57895912684236	0.059646559354246	0.178184818385707	33	0.059646559354246
ko01230	Biosynthesis of amino acids	0.0597412656395228	1.56521191337048	0.0597412656395228	0.178184818385707	87	0.0597412656395228
ko04933	AGE-RAGE signaling pathway in diabetic complications	0.0606336373355755	1.55923802863298	0.0606336373355756	0.179287393156055	69	0.0606336373355755
ko04978	Mineral absorption	0.0613324774965721	1.5571895017774	0.0613324774965721	0.179803758814737	53	0.0613324774965721
ko00627	Aminobenzoate degradation	0.0633803982461066	1.58439121609355	0.0633803982461067	0.183163058924622	13	0.0633803982461066
ko04211	Longevity regulating pathway	0.0635463673820116	1.53547245645116	0.0635463673820117	0.183163058924622	67	0.0635463673820116
ko05212	Pancreatic cancer	0.0641126825403574	1.53048888305073	0.0641126825403574	0.183255417594522	70	0.0641126825403573
ko00592	alpha-Linolenic acid metabolism	0.0765463615283667	1.45086580031331	0.0765463615283667	0.216986793423387	26	0.0765463615283667
ko05215	Prostate cancer	0.0788824368584428	1.41995804520486	0.0788824368584429	0.221776031495458	74	0.0788824368584428
ko00062	Fatty acid elongation	0.082412246621919	1.40728924660949	0.082412246621919	0.229816264970067	35	0.082412246621919
ko00981	Insect hormone biosynthesis	0.0853049086509107	1.38508212004993	0.0853049086509107	0.235964384413406	35	0.0853049086509107
ko00643	Styrene degradation	0.0885906140411279	1.40647788667613	0.0885906140411279	0.240772732371211	11	0.0885906140411279
ko00360	Phenylalanine metabolism	0.0897257386240687	1.3571215343558	0.0897257386240688	0.240772732371211	34	0.0897257386240687
ko03013	Nucleocytoplasmic transport	0.0899068284516177	1.34413842617988	0.0899068284516177	0.240772732371211	172	0.0899068284516177
ko02024	Quorum sensing	0.0902658876167502	1.39111445247255	0.0902658876167503	0.240772732371211	11	0.0902658876167502
ko00051	Fructose and mannose metabolism	0.090553010133779	1.34837776650412	0.090553010133779	0.240772732371211	44	0.090553010133779
ko00100	Steroid biosynthesis	0.0923539432554003	1.33602482596263	0.0923539432554003	0.243672327204633	49	0.0923539432554003
ko05144	Malaria	0.095495955407445	1.32901723411198	0.0954959554074451	0.250039028280562	26	0.0954959554074451
ko00860	Porphyrin metabolism	0.0966278565393314	1.31931685019778	0.0966278565393315	0.25108602115902	28	0.0966278565393314
ko04710	Circadian rhythm	0.0979057080626713	1.31105905622606	0.0979057080626713	0.252493668161626	32	0.0979057080626713
ko00750	Vitamin B6 metabolism	0.0997061499224233	1.31430433443911	0.0997061499224233	0.255217980771576	15	0.0997061499224233
ko04611	Platelet activation	0.102680846671625	1.26978633688198	0.102680846671625	0.260885410432352	128	0.102680846671625
ko04072	Phospholipase D signaling pathway	0.105137472004064	1.25651329214879	0.105137472004064	0.265162888951425	110	0.105137472004064
ko00061	Fatty acid biosynthesis	0.106461661681901	1.26389630139035	0.106461661681901	0.266542700415269	23	0.106461661681901
ko05340	Primary immunodeficiency	0.107268575851863	1.27849585409039	0.107268575851863	0.266616822588327	12	0.107268575851863
ko05225	Hepatocellular carcinoma	0.109909208552638	1.22956457952589	0.109909208552638	0.270930060175225	152	0.109909208552638
ko04650	Natural killer cell mediated cytotoxicity	0.110583698030704	1.23162313176144	0.110583698030704	0.270930060175225	48	0.110583698030704
ko04216	Ferroptosis	0.112628342837115	1.22478914500914	0.112628342837115	0.273982422646316	35	0.112628342837115
ko04664	Fc epsilon RI signaling pathway	0.116002165428405	1.20456921624432	0.116002165428405	0.280202413675653	42	0.116002165428405
ko04330	Notch signaling pathway	0.120539181630917	1.18008752202681	0.120539181630917	0.28712748666861	46	0.120539181630917
ko00053	Ascorbate and aldarate metabolism	0.120604135095381	1.19057112862379	0.120604135095381	0.28712748666861	20	0.120604135095381
ko02010	ABC transporters	0.121380424393436	1.17619949060965	0.121380424393436	0.28712748666861	44	0.121380424393436
ko04012	ErbB signaling pathway	0.123607161576551	1.16307999368056	0.123607161576551	0.29039216726546	60	0.123607161576551
ko04666	Fc gamma R-mediated phagocytosis	0.124605782289174	1.1564407976574	0.124605782289174	0.290746825341407	86	0.124605782289174
ko00680	Methane metabolism	0.127019844211953	1.15476689484053	0.127019844211954	0.292518018910624	26	0.127019844211953
ko04910	Insulin signaling pathway	0.127070509672545	1.14214187101229	0.127070509672545	0.292518018910624	185	0.127070509672545
ko04966	Collecting duct acid secretion	0.128448518881334	1.15048710833535	0.128448518881334	0.293718946508651	23	0.128448518881334
ko05152	Tuberculosis	0.135452467056063	1.10287799682691	0.135452467056063	0.307683418544567	162	0.135452467056063
ko04727	GABAergic synapse	0.143043190530983	1.07249004015311	0.143043190530983	0.322788252316627	51	0.143043190530983
ko01040	Biosynthesis of unsaturated fatty acids	0.151880084126533	1.03746039047383	0.151880084126533	0.340489338924187	33	0.151880084126533
ko00310	Lysine degradation	0.155081765226553	1.01842745817001	0.155081765226553	0.345409386186413	74	0.155081765226553
ko04068	FoxO signaling pathway	0.159228684236248	1.00010277736928	0.159228684236248	0.350375737907751	102	0.159228684236248
ko04971	Gastric acid secretion	0.159354563013438	0.99980004452767	0.159354563013438	0.350375737907751	94	0.159354563013438
ko00565	Ether lipid metabolism	0.160672368642228	0.998428124225264	0.160672368642228	0.351006754694735	38	0.160672368642228
ko01521	EGFR tyrosine kinase inhibitor resistance	0.161688242687371	0.991792674255896	0.161688242687371	0.351006754694735	59	0.161688242687371
ko04730	Long-term depression	0.171168579999886	0.954058455321598	0.171168579999886	0.36906626839551	52	0.171168579999886
ko00340	Histidine metabolism	0.172159192254465	0.951560725501367	0.172159192254465	0.36906626839551	40	0.172159192254465
ko00564	Glycerophospholipid metabolism	0.175521596648314	0.934450982207933	0.175521596648314	0.373937314598583	118	0.175521596648314
ko04066	HIF-1 signaling pathway	0.190329105288459	0.878820112341884	0.190329105288459	0.402947329495634	92	0.190329105288459
ko05203	Viral carcinogenesis	0.192582259831211	0.869251991665809	0.192582259831211	0.402947329495634	231	0.192582259831211
ko05210	Colorectal cancer	0.192697834632542	0.870428309554104	0.192697834632542	0.402947329495634	80	0.192697834632542
ko05030	Cocaine addiction	0.193837636637841	0.866850355578577	0.193837636637841	0.402947329495634	64	0.193837636637841
ko00534	Glycosaminoglycan biosynthesis - heparan sulfate / heparin	0.19863112866273	0.857776168175061	0.19863112866273	0.410424561032027	20	0.19863112866273
ko04071	Sphingolipid signaling pathway	0.200823651789206	0.840761919085027	0.200823651789206	0.412470135111963	88	0.200823651789206
ko04152	AMPK signaling pathway	0.204803800114096	0.826090177154787	0.204803800114096	0.417601103788048	118	0.204803800114096
ko05321	Inflammatory bowel disease	0.205756812070496	0.828496625062518	0.205756812070496	0.417601103788048	25	0.205756812070496
ko04370	VEGF signaling pathway	0.210261247374685	0.808616119470115	0.210261247374685	0.4242329873501	56	0.210261247374685
ko05202	Transcriptional misregulation in cancer	0.215856432822034	0.787103267144171	0.215856432822034	0.432975183964665	191	0.215856432822034
ko00460	Cyanoamino acid metabolism	0.219308048905984	0.785791736552378	0.219308048905984	0.437341051016002	15	0.219308048905984
ko00940	Phenylpropanoid biosynthesis	0.222514997045857	0.779206836432647	0.222514997045857	0.441171352524445	11	0.222514997045857
ko03060	Protein export	0.224154250501156	0.765990134964276	0.224154250501156	0.44186728690745	22	0.224154250501156
ko04520	Adherens junction	0.225537688977437	0.754479798139898	0.225537688977437	0.442053870395776	186	0.225537688977437
ko04510	Focal adhesion	0.230046200339291	0.739224370983665	0.230046200339291	0.447667266581446	272	0.230046200339291
ko04979	Cholesterol metabolism	0.231189173535803	0.737196987795819	0.231189173535803	0.447667266581446	64	0.231189173535803
ko04340	Hedgehog signaling pathway	0.232317123765299	0.735685257403641	0.232317123765299	0.447667266581446	36	0.232317123765299
ko04070	Phosphatidylinositol signaling system	0.234512363251252	0.725464018469409	0.234512363251252	0.449372852487037	100	0.234512363251252
ko00620	Pyruvate metabolism	0.238086144592383	0.714968475658568	0.238086144592383	0.450893413872686	61	0.238086144592383
ko05205	Proteoglycans in cancer	0.239356585721111	0.708918607436416	0.239356585721111	0.450893413872686	255	0.239356585721111
ko00450	Selenocompound metabolism	0.242685457382829	0.707404574632769	0.242685457382829	0.450893413872686	16	0.242685457382829
ko04115	p53 signaling pathway	0.244299605389719	0.69506073500624	0.244299605389719	0.450893413872686	53	0.244299605389719
ko04962	Vasopressin-regulated water reabsorption	0.245070426908507	0.69280753310063	0.245070426908507	0.450893413872686	48	0.245070426908507
ko01210	2-Oxocarboxylic acid metabolism	0.24514502592253	0.696224674226786	0.24514502592253	0.450893413872686	25	0.24514502592253
ko04514	Cell adhesion molecules	0.245552576663346	0.689745740331619	0.245552576663346	0.450893413872686	117	0.245552576663346
ko04940	Type I diabetes mellitus	0.24582235683438	0.701157648469231	0.24582235683438	0.450893413872686	11	0.24582235683438
ko04932	Non-alcoholic fatty liver disease	0.256148558417917	0.656140648990969	0.256148558417917	0.466122099276134	136	0.256148558417917
ko04150	mTOR signaling pathway	0.258158041010425	0.649941599021313	0.258158041010425	0.466122099276134	139	0.258158041010425
ko04140	Autophagy - animal	0.25820174595471	0.64982714765888	0.25820174595471	0.466122099276134	128	0.25820174595471
ko05033	Nicotine addiction	0.261670839714113	0.641442236131109	0.261670839714113	0.468725694562736	41	0.261670839714113
ko00072		0.262377065177975	0.641116548837073	0.262377065177975	0.468725694562736	24	0.262377065177975
ko04213	Longevity regulating pathway - multiple species	0.264345428639435	0.632093775244784	0.264345428639435	0.469795243644177	55	0.264345428639435
ko04016	MAPK signaling pathway - plant	0.269169841407216	0.617967270415508	0.269169841407216	0.473672606097642	43	0.269169841407216
ko04113	Meiosis - yeast	0.269289090930146	0.617090543244706	0.269289090930146	0.473672606097642	59	0.269289090930146
ko04122	Sulfur relay system	0.272622806288814	0.616356193054833	0.272622806288814	0.476882864177134	12	0.272622806288814
ko00603	Glycosphingolipid biosynthesis - globo and isoglobo series	0.273894822865584	0.603647011076894	0.273894822865584	0.476882864177134	41	0.273894822865584
ko05143	African trypanosomiasis	0.275870546808994	0.604099882834008	0.275870546808994	0.477896957350933	16	0.275870546808994
ko05230	Central carbon metabolism in cancer	0.28215191216816	0.577789463926626	0.28215191216816	0.486322140068739	75	0.28215191216816
ko04530	Tight junction	0.295778954343631	0.537214259390806	0.295778954343631	0.507260906699328	142	0.295778954343631
ko00920	Sulfur metabolism	0.299994878580779	0.530513770371072	0.299994878580779	0.510862614495822	16	0.299994878580779
ko00520	Amino sugar and nucleotide sugar metabolism	0.3010815450805	0.522103483400385	0.3010815450805	0.510862614495822	104	0.3010815450805
ko00562	Inositol phosphate metabolism	0.302347261640385	0.519066460259361	0.302347261640385	0.510862614495822	60	0.302347261640385
ko03450	Non-homologous end-joining	0.303971092064301	0.519213279804317	0.303971092064301	0.511088649892427	15	0.303971092064301
ko04725	Cholinergic synapse	0.306340743021459	0.507055222306182	0.306340743021459	0.512560365152977	101	0.306340743021459
ko01522	Endocrine resistance	0.310179733628727	0.496459057289125	0.310179733628727	0.516464313760453	71	0.310179733628727
ko00770	Pantothenate and CoA biosynthesis	0.31489424103922	0.485298366426522	0.31489424103922	0.520671883862482	24	0.31489424103922
ko05165	Human papillomavirus infection	0.315742716744596	0.479910063524763	0.315742716744596	0.520671883862482	276	0.315742716744596
ko04977	Vitamin digestion and absorption	0.319617786030924	0.470024795422025	0.319617786030924	0.524540194299554	58	0.319617786030924
ko02020	Two-component system	0.324790627893251	0.456997106591802	0.324790627893251	0.530491358892311	27	0.324790627893251
ko05416	Viral myocarditis	0.334770454756835	0.427632220422728	0.334770454756835	0.544200312708978	76	0.334770454756835
ko04218	Cellular senescence	0.336584250217586	0.422180210003872	0.336584250217586	0.544567914267132	168	0.336584250217586
ko05150	Staphylococcus aureus infection	0.340027974686233	0.414509086463318	0.340027974686233	0.547556785527596	31	0.340027974686233
ko00600	Sphingolipid metabolism	0.349549987008599	0.387332667924974	0.349549987008599	0.560260025906306	71	0.349549987008599
ko00604	Glycosphingolipid biosynthesis - ganglio series	0.352964157979276	0.379584317214117	0.352964157979276	0.563100959008799	25	0.352964157979276
ko04711	Circadian rhythm - fly	0.355506954804659	0.376786230895122	0.355506954804659	0.564531877305546	11	0.355506954804659
ko05211	Renal cell carcinoma	0.357413739503315	0.365989860373017	0.357413739503315	0.564944297924595	87	0.357413739503315
ko00350	Tyrosine metabolism	0.366095386910867	0.343488027948103	0.366095386910867	0.576012466561594	40	0.366095386910867
ko00130	Ubiquinone and other terpenoid-quinone biosynthesis	0.371727444517716	0.330792905908472	0.371727444517716	0.582203257851948	14	0.371727444517716
ko04723	Retrograde endocannabinoid signaling	0.378544211081899	0.309709750973407	0.378544211081899	0.589415460206001	107	0.378544211081899
ko04960	Aldosterone-regulated sodium reabsorption	0.37976914491407	0.308676613088054	0.37976914491407	0.589415460206001	18	0.37976914491407
ko00510	N-Glycan biosynthesis	0.384823182441466	0.293378934014034	0.384823182441466	0.594569151249653	85	0.384823182441466
ko04626	Plant-pathogen interaction	0.392307571274967	0.274217865897131	0.392307571274967	0.603414784517102	43	0.392307571274967
ko04972	Pancreatic secretion	0.40500244624375	0.240717067665319	0.40500244624375	0.618562163625958	108	0.40500244624375
ko04923	Regulation of lipolysis in adipocytes	0.405762352232771	0.238987030719905	0.405762352232771	0.618562163625958	63	0.405762352232771
ko04670	Leukocyte transendothelial migration	0.410431893009394	0.22685224385345	0.410431893009394	0.621701006883057	76	0.410431893009394
ko04080	Neuroactive ligand-receptor interaction	0.411720456247573	0.223229833626748	0.411720456247573	0.621701006883057	272	0.411720456247573
ko03015	mRNA surveillance pathway	0.41325897833626	0.219547264234841	0.41325897833626	0.621701006883057	80	0.41325897833626
ko04261	Adrenergic signaling in cardiomyocytes	0.421348435117439	0.198663480941237	0.421348435117439	0.630382282857114	125	0.421348435117439
ko04744	Phototransduction	0.422705320866287	0.195654270207711	0.422705320866287	0.630382282857114	43	0.422705320866287
ko04974	Protein digestion and absorption	0.427441981309254	0.183145029715237	0.427441981309254	0.634686578307681	94	0.427441981309254
ko04927	Cortisol synthesis and secretion	0.43441286775134	0.165544234680273	0.43441286775134	0.642256955339266	55	0.43441286775134
ko05213	Endometrial cancer	0.45227979716056	0.120253011540369	0.45227979716056	0.665802448180567	47	0.45227979716056
ko04810	Regulation of actin cytoskeleton	0.455426189918413	0.112061626235388	0.455426189918413	0.667569158726562	163	0.455426189918413
ko04270	Vascular smooth muscle contraction	0.464171684711228	0.0900098989509043	0.464171684711228	0.677493139812558	148	0.464171684711228
ko00561	Glycerolipid metabolism	0.475328590753022	0.0619681190046581	0.475328590753022	0.684312160272161	93	0.475328590753022
ko04950	Maturity onset diabetes of the young	0.475935051922493	0.0605637050852141	0.475935051922493	0.684312160272161	38	0.475935051922493
ko05223	Non-small cell lung cancer	0.476755303150041	0.0584409414177759	0.476755303150041	0.684312160272161	54	0.476755303150041
ko00052	Galactose metabolism	0.476823925087599	0.0582397338919501	0.476823925087599	0.684312160272161	71	0.476823925087599
ko05219	Bladder cancer	0.489584736408523	0.0262140726970708	0.489584736408523	0.698300436783498	35	0.489584736408523
ko03018	RNA degradation	0.490642580947006	0.0234939879902401	0.490642580947006	0.698300436783498	91	0.490642580947006
ko04720	Long-term potentiation	0.494669639660867	0.0133808733460043	0.494669639660867	0.701122671089576	91	0.494669639660867
ko04745	Phototransduction - fly	0.499438197846563	0.00141082782580907	0.499438197846563	0.704968320417165	78	0.499438197846563
ko04610	Complement and coagulation cascades	0.502328095784937	-0.00584838452955269	0.502328095784937	0.706141544484563	59	0.502328095784937
ko04918	Thyroid hormone synthesis	0.510608385640293	-0.0266534276689387	0.510608385640293	0.71485173989641	62	0.510608385640293
ko04024	cAMP signaling pathway	0.521986055745435	-0.055171076382622	0.521986055745435	0.727527919755507	225	0.521986055745435
ko04973	Carbohydrate digestion and absorption	0.523904945130059	-0.0600989311568798	0.523904945130059	0.727527919755507	54	0.523904945130059
ko03008	Ribosome biogenesis in eukaryotes	0.528286403272385	-0.0710736646445183	0.528286403272385	0.730654178719468	102	0.528286403272385
ko05214	Glioma	0.536065917808824	-0.0906877445671384	0.536065917808824	0.738436183969584	80	0.536065917808824
ko04111	Cell cycle - yeast	0.541218612066596	-0.103706585859738	0.541218612066596	0.74255193575537	78	0.541218612066596
ko04360	Axon guidance	0.545282588648454	-0.113864621502668	0.545282588648454	0.742688032956243	144	0.545282588648454
ko04391	Hippo signaling pathway - fly	0.545648350743362	-0.114894225823395	0.545648350743362	0.742688032956243	79	0.545648350743362
ko04015	Rap1 signaling pathway	0.549491935492191	-0.12446361751867	0.549491935492191	0.743992901229639	192	0.549491935492191
ko00500	Starch and sucrose metabolism	0.553487226437298	-0.134806229722764	0.553487226437298	0.743992901229639	59	0.553487226437298
ko05216	Thyroid cancer	0.55509378868696	-0.139060232390059	0.55509378868696	0.743992901229639	37	0.55509378868696
ko05206	MicroRNAs in cancer	0.557346864624513	-0.144338627116422	0.557346864624513	0.743992901229639	202	0.557346864624513
ko04540	Gap junction	0.557452407043782	-0.144772123837202	0.557452407043782	0.743992901229639	73	0.557452407043782
ko04975	Fat digestion and absorption	0.561206441202174	-0.154490286776523	0.561206441202174	0.746100036171882	45	0.561206441202174
ko04612	Antigen processing and presentation	0.565734973241566	-0.166106381429753	0.565734973241566	0.747987780673897	38	0.565734973241566
ko04911	Insulin secretion	0.567309514975062	-0.169830619993412	0.567309514975062	0.747987780673897	76	0.567309514975062
ko04341	Hedgehog signaling pathway - fly	0.570748085883004	-0.179165755986856	0.570748085883004	0.747987780673897	35	0.570748085883004
ko04721	Synaptic vesicle cycle	0.573459967141239	-0.185637198807121	0.573459967141239	0.747987780673897	58	0.573459967141239
ko04022	cGMP-PKG signaling pathway	0.574707983423528	-0.188535602435536	0.574707983423528	0.747987780673897	166	0.574707983423528
ko00230	Purine metabolism	0.575710711655711	-0.191045268686286	0.575710711655711	0.747987780673897	236	0.575710711655711
ko00531	Glycosaminoglycan degradation	0.58010180050599	-0.20280246403434	0.58010180050599	0.750848745560584	43	0.58010180050599
ko05217	Basal cell carcinoma	0.59168201358327	-0.232654896009872	0.59168201358327	0.762278680415857	47	0.59168201358327
ko00512	Mucin type O-glycan biosynthesis	0.593377281839748	-0.23696343918059	0.593377281839748	0.762278680415857	52	0.593377281839748
ko05031	Amphetamine addiction	0.598169796393078	-0.248942446497339	0.598169796393078	0.764132567846253	109	0.598169796393078
ko05020	Prion disease	0.599275978864846	-0.253192783695751	0.599275978864846	0.764132567846253	21	0.599275978864846
ko04392	Hippo signaling pathway - multiple species	0.603970861728534	-0.265371436317361	0.603970861728534	0.767031847580271	28	0.603970861728534
ko04919	Thyroid hormone signaling pathway	0.608355438008189	-0.275370725299106	0.608355438008189	0.767031847580271	117	0.608355438008189
ko00020	Citrate cycle (TCA cycle)	0.610187081291711	-0.280840462167625	0.610187081291711	0.767031847580271	47	0.610187081291711
ko04110	Cell cycle	0.610494735829195	-0.280958685538894	0.610494735829195	0.767031847580271	129	0.610494735829195
ko00511	Other glycan degradation	0.612942665165068	-0.287683031975477	0.612942665165068	0.76729683996941	63	0.612942665165068
ko05224	Breast cancer	0.615910818578386	-0.295196295447763	0.615910818578386	0.768208766445041	99	0.615910818578386
ko04922	Glucagon signaling pathway	0.619043570881148	-0.303315128213981	0.619043570881148	0.768754865425809	129	0.619043570881148
ko00900	Terpenoid backbone biosynthesis	0.622939021837525	-0.31462891145018	0.622939021837525	0.768754865425809	38	0.622939021837525
ko04130	SNARE interactions in vesicular transport	0.623072456525874	-0.314962332330683	0.623072456525874	0.768754865425809	34	0.623072456525874
ko00514	Other types of O-glycan biosynthesis	0.627766862780248	-0.327311719042737	0.627766862780248	0.771770730944892	39	0.627766862780248
ko00513	Various types of N-glycan biosynthesis	0.632262340263861	-0.338373421564276	0.632262340263861	0.77452136682323	102	0.632262340263861
ko04011	MAPK signaling pathway - yeast	0.634882407612799	-0.345869537693483	0.634882407612799	0.774963223527367	52	0.634882407612799
ko04614	Renin-angiotensin system	0.639211662943622	-0.358484918969395	0.639211662943622	0.777480852445612	29	0.639211662943622
ko05226	Gastric cancer	0.646185315284084	-0.375521483774422	0.646185315284084	0.78274897721042	125	0.646185315284084
ko00515	Mannose type O-glycan biosynthesis	0.648107024862272	-0.381641857576987	0.648107024862272	0.78274897721042	44	0.648107024862272
ko05100	Bacterial invasion of epithelial cells	0.653001645823944	-0.393892112762056	0.653001645823944	0.785893208833729	137	0.653001645823944
ko04139	Mitophagy - yeast	0.672240266786628	-0.449161262228304	0.672240266786628	0.806218222055292	28	0.672240266786628
ko04060	Cytokine-cytokine receptor interaction	0.67693741924612	-0.462113014009184	0.67693741924612	0.809022769342924	26	0.67693741924612
ko04142	Lysosome	0.685359588445462	-0.483125214712385	0.685359588445462	0.813944110576267	194	0.685359588445462
ko04371	Apelin signaling pathway	0.685801305995747	-0.484607457674289	0.685801305995747	0.813944110576267	133	0.685801305995747
ko00950	Isoquinoline alkaloid biosynthesis	0.688495694373387	-0.496732737139817	0.688495694373387	0.814324217827834	17	0.688495694373387
ko05110	Vibrio cholerae infection	0.693841294456391	-0.508053385284665	0.693841294456391	0.817826680407361	66	0.693841294456391
ko04961	Endocrine and other factor-regulated calcium reabsorption	0.69978277798625	-0.525498274960265	0.69978277798625	0.818613737070093	52	0.69978277798625
ko03040	Spliceosome	0.700120691831147	-0.525245496425632	0.700120691831147	0.818613737070093	170	0.700120691831147
ko00532	Glycosaminoglycan biosynthesis - chondroitin sulfate / dermatan sulfate	0.701668917488651	-0.53562076983648	0.701668917488651	0.818613737070093	18	0.701668917488651
ko05414	Dilated cardiomyopathy	0.705039853221793	-0.540719917247765	0.705039853221793	0.818715407792792	54	0.705039853221793
ko04925	Aldosterone synthesis and secretion	0.707288842662921	-0.546334945477438	0.707288842662921	0.818715407792792	116	0.707288842662921
ko05130	Pathogenic Escherichia coli infection	0.708916839983846	-0.551533591158993	0.708916839983846	0.818715407792792	74	0.708916839983846
ko04916	Melanogenesis	0.713662830670639	-0.56507824249974	0.713662830670639	0.821430707785333	110	0.713662830670639
ko04713	Circadian entrainment	0.720587232429274	-0.585683612783555	0.720587232429274	0.823923446096281	101	0.720587232429274
ko04320	Dorso-ventral axis formation	0.720632751687709	-0.587997468694462	0.720632751687709	0.823923446096281	38	0.720632751687709
ko04934	Cushing syndrome	0.723977468873307	-0.595510736651167	0.723977468873307	0.824997580809117	137	0.723977468873307
ko04914	Progesterone-mediated oocyte maturation	0.727703038719205	-0.60732045722761	0.727703038719205	0.826442661618077	80	0.727703038719205
ko04921	Oxytocin signaling pathway	0.73012456046251	-0.613786464900387	0.73012456046251	0.826442661618077	190	0.73012456046251
ko05412	Arrhythmogenic right ventricular cardiomyopathy	0.73247396248366	-0.623707259318758	0.73247396248366	0.826442661618077	38	0.73247396248366
ko04728	Dopaminergic synapse	0.742361475067759	-0.651645317619883	0.742361475067759	0.832193237780615	130	0.742361475067759
ko00533	Glycosaminoglycan biosynthesis - keratan sulfate	0.742423121751802	-0.657838816565188	0.742423121751802	0.832193237780615	22	0.742423121751802
ko05323	Rheumatoid arthritis	0.745497977177705	-0.663108426629886	0.745497977177705	0.832917935413527	51	0.745497977177705
ko04924	Renin secretion	0.747957068361762	-0.669058223838556	0.747957068361762	0.832952189766508	127	0.747957068361762
ko03020	RNA polymerase	0.753245400136036	-0.689514472235166	0.753245400136036	0.833538987616312	35	0.753245400136036
ko05218	Melanoma	0.753344274522031	-0.687766832068634	0.753344274522031	0.833538987616312	53	0.753344274522031
ko00720	Carbon fixation pathways in prokaryotes	0.779973352574736	-0.781556711378136	0.779973352574736	0.860227845444162	24	0.779973352574736
ko05012	Parkinson disease	0.785211740906641	-0.791316093845344	0.785211740906641	0.86322957413775	124	0.785211740906641
ko04390	Hippo signaling pathway	0.795692521899127	-0.827957856984752	0.795692521899127	0.871956980867095	133	0.795692521899127
ko04151	PI3K-Akt signaling pathway	0.804843457286771	-0.859896692961372	0.804843457286771	0.876446707447663	228	0.804843457286771
ko04136	Autophagy - other	0.804900037451936	-0.866922862855379	0.804900037451936	0.876446707447663	33	0.804900037451936
ko04020	Calcium signaling pathway	0.810949542077396	-0.882354468765479	0.810949542077396	0.877908926035532	213	0.810949542077396
ko04138	Autophagy - yeast	0.811361893741294	-0.885751223736733	0.811361893741294	0.877908926035532	76	0.811361893741294
ko04550	Signaling pathways regulating pluripotency of stem cells	0.821230160625756	-0.922246831660399	0.821230160625756	0.885792280171806	113	0.821230160625756
ko04970	Salivary secretion	0.824292188516989	-0.933991190462865	0.824292188516989	0.886307901759647	110	0.824292188516989
ko00730	Thiamine metabolism	0.844205437318832	-1.0267968460192	0.844205437318832	0.904882703126123	22	0.844205437318832
ko04114	Oocyte meiosis	0.852314322114098	-1.04891247847143	0.852314322114098	0.910728387804161	134	0.852314322114098
ko05016	Huntington disease	0.862430013426906	-1.09302128878984	0.862430013426906	0.918332590068815	193	0.862430013426906
ko04740	Olfactory transduction	0.864785500268885	-1.10503404770879	0.864785500268885	0.918332590068815	117	0.864785500268885
ko04144	Endocytosis	0.86794287930409	-1.11802479022842	0.86794287930409	0.918840764201552	275	0.86794287930409
ko04714	Thermogenesis	0.872135025539124	-1.13817774432645	0.872135025539124	0.92043788849206	214	0.872135025539124
ko00601	Glycosphingolipid biosynthesis - lacto and neolacto series	0.879991191760823	-1.1799459024283	0.879991191760823	0.925880302987614	79	0.879991191760823
ko05410	Hypertrophic cardiomyopathy	0.898509880809324	-1.28275352638868	0.898509880809324	0.942473667026294	54	0.898509880809324
ko00563	Glycosylphosphatidylinositol (GPI)-anchor biosynthesis	0.905494175983113	-1.33609685443104	0.905494175983113	0.946548410210548	30	0.905494175983113
ko04640	Hematopoietic cell lineage	0.907913781222362	-1.351759027925	0.907913781222362	0.946548410210548	29	0.907913781222362
ko05010	Alzheimer disease	0.914748614058683	-1.37376975704545	0.914748614058683	0.948026301057228	185	0.914748614058683
ko03050	Proteasome	0.916315716356355	-1.39983232510232	0.916315716356355	0.948026301057228	42	0.916315716356355
ko04310	Wnt signaling pathway	0.917623125221574	-1.39481297982149	0.917623125221574	0.948026301057228	117	0.917623125221574
ko04742	Taste transduction	0.930959083509546	-1.49387416108475	0.930959083509546	0.958915812744067	58	0.930959083509546
ko04350	TGF-beta signaling pathway	0.948788772838486	-1.64786651568266	0.948788772838486	0.97435493737605	63	0.948788772838486
ko05032	Morphine addiction	0.953080506345375	-1.68778380649629	0.953080506345375	0.97584063784019	74	0.953080506345375
ko04260	Cardiac muscle contraction	0.971131327744216	-1.92964820575259	0.971131327744216	0.990875574071009	46	0.971131327744216
ko03022	Basal transcription factors	0.973542473649942	-1.98218724140268	0.973542473649942	0.990875574071009	39	0.973542473649942
ko05034	Alcoholism	0.979863526800644	-2.05762573540771	0.979863526800644	0.99271353259456	211	0.979863526800644
ko00190	Oxidative phosphorylation	0.981136698395207	-2.09564830221951	0.981136698395207	0.99271353259456	107	0.981136698395207
ko04145	Phagosome	0.985300938687519	-2.19193435228657	0.985300938687519	0.993994770499467	135	0.985300938687519
ko04512	ECM-receptor interaction	0.993420078987294	-2.51935158839559	0.993420078987294	0.999246589714492	76	0.993420078987294
ko03010	Ribosome	0.999382745573177	-3.26654607457126	0.999382745573177	0.999465306522541	159	0.999382745573177
ko05322	Systemic lupus erythematosus	0.999465306522541	-3.32250550530021	0.999465306522541	0.999465306522541	104	0.999465306522541
ko01100	Metabolic pathways					1641	
ko00440	Phosphonate and phosphinate metabolism					7	
ko04712	Circadian rhythm - plant					5	
ko00521	Streptomycin biosynthesis					8	
ko00524	Neomycin, kanamycin and gentamicin biosynthesis					3	
ko00254	Aflatoxin biosynthesis					8	
ko00785	Lipoic acid metabolism					3	
ko00780	Biotin metabolism					6	
ko00281						5	
ko00400	Phenylalanine, tyrosine and tryptophan biosynthesis					8	
ko00901	Indole alkaloid biosynthesis					9	
ko00965	Betalain biosynthesis					9	
ko00625	Chloroalkane and chloroalkene degradation					8	
ko00903	Limonene degradation					6	
ko00362	Benzoate degradation					4	
ko05320	Autoimmune thyroid disease					3	
ko02026	Biofilm formation - Escherichia coli					4	
ko00232	Caffeine metabolism					8	
ko00311	Penicillin and cephalosporin biosynthesis					8	
ko00472						8	
ko00471						2	
ko01051	Biosynthesis of ansamycins					1	
ko00740	Riboflavin metabolism					9	
ko00073	Cutin, suberine and wax biosynthesis					3	
ko00290	Valine, leucine and isoleucine biosynthesis					4	
ko04672	Intestinal immune network for IgA production					2	
ko00660	C5-Branched dibasic acid metabolism					2	
ko00626	Naphthalene degradation					2	
ko04112	Cell cycle - Caulobacter					7	
ko00261	Monobactam biosynthesis					2	
ko00908	Zeatin biosynthesis					1	
ko00300	Lysine biosynthesis					5	
ko01503	Cationic antimicrobial peptide (CAMP) resistance					1	
ko03070	Bacterial secretion system					1	
ko00960	Tropane, piperidine and pyridine alkaloid biosynthesis					3	
ko00944	Flavone and flavonol biosynthesis					1	
ko00401	Novobiocin biosynthesis					1	
ko00333	Prodigiosin biosynthesis					1	
